Sensitivity analysis of Raltegravir 1200 mg   (lactose formulation) ;;;1
S8_Lactose_formulation_1200mg_C_max_Raltegravir_List;Most sensitive parameter for C_{max} for Raltegravir;;
S8_Lactose_formulation_1200mg_C_max_norm_Raltegravir_List;Most sensitive parameter for C_{max} norm for Raltegravir;;
S8_Lactose_formulation_1200mg_t_max_Raltegravir_List;Most sensitive parameter for t_{max} for Raltegravir;;
S8_Lactose_formulation_1200mg_C_tEnd_Raltegravir_List;Most sensitive parameter for C_{tEnd} for Raltegravir;;
S8_Lactose_formulation_1200mg_AUC_Raltegravir_List;Most sensitive parameter for AUC_{last} for Raltegravir;;
S8_Lactose_formulation_1200mg_AUC_norm_Raltegravir_List;Most sensitive parameter for AUC_{last} norm for Raltegravir;;
S8_Lactose_formulation_1200mg_AUC_inf_Raltegravir_List;Most sensitive parameter for AUC_{inf} for Raltegravir;;
S8_Lactose_formulation_1200mg_AUC_inf_norm_Raltegravir_List;Most sensitive parameter for AUC_{inf} norm for Raltegravir;;
S8_Lactose_formulation_1200mg_MRT_Raltegravir_List;Most sensitive parameter for MRT for Raltegravir;;
S8_Lactose_formulation_1200mg_Thalf_Raltegravir_List;Most sensitive parameter for Thalf for Raltegravir;;
S8_Lactose_formulation_1200mg_CL_Raltegravir_List;Most sensitive parameter for CL for Raltegravir;;
S8_Lactose_formulation_1200mg_Vss_Raltegravir_List;Most sensitive parameter for Vss for Raltegravir;;
S8_Lactose_formulation_1200mg_Vd_Raltegravir_List;Most sensitive parameter for Vd for Raltegravir;;
